profile,scenario,variant,iteration,order,ok,mounted,themeUsable,menuUsable,fontsReady,problemUsable,searchUsable,lcp,longtaskMs,cls,ttfb,resourceEntries,transferBytes,jsBytes
desktop-en,home,A,1,first,True,1625.4000000059605,1799.0999999940395,,1899.7999999821186,,3302.5,1644,133,0.03978771326303155,8,85,1208994,531592
desktop-en,home,A,2,second,True,1638.5,1815.5,,1939.800000011921,,3339,1660,93,0.03631529813957476,6.600000023841858,125,1245688,556286
desktop-en,home,A,3,first,True,1627.7999999821186,1840.8999999761581,,1902,,3306.0999999940395,1648,154,0.03979260119947059,9.099999994039536,176,1339627,634925
desktop-en,home,A,4,second,True,1623.0999999940395,1818.3999999761581,,1918.0999999940395,,3327.2999999821186,1644,80,0.03637138551311728,10.5,85,1196590,519188
desktop-en,home,A,5,first,True,1545.300000011921,2008.5,,2053.7000000178814,,3453,1564,130,0.039789490633573385,4,121,1271847,583645
desktop-en,home,A,6,second,True,1628.199999988079,1837.7999999821186,,1918.5999999940395,,3348.4000000059605,1648,152,0.03979278981401106,6.9000000059604645,124,1317148,628046
desktop-en,home,A,7,first,True,1701.5,1917.199999988079,,1979.5,,3388.699999988079,1732,216,0.03984361202203361,6,181,1349284,643082
desktop-en,home,A,8,second,True,1619.3999999761581,1797.8999999761581,,1908.5,,3290.5999999940395,1648,84,0.03632037469055427,5.199999988079071,87,1226292,548290
desktop-en,home,A,9,first,True,1618.199999988079,1818.7999999821186,,1909.9000000059605,,3334.2999999821186,1636,144,0.03631529813957476,8.400000005960464,91,1249613,570411
desktop-en,home,A,10,second,True,1592.5,1769.0999999940395,,1918.9000000059605,,3294.699999988079,1616,76,0.03637138551311728,6.799999982118607,123,1299656,610854
desktop-en,home,A,11,first,True,1601.2999999821186,1817.4000000059605,,1903.2999999821186,,3286.9000000059605,1620,130,0.03631510952503429,3.5999999940395355,83,1232156,555354
desktop-en,home,A,12,second,True,1606.699999988079,1822.5,,1892.699999988079,,3288.0999999940395,1632,128,0.0363201860760138,5.399999976158142,119,1268134,580532
desktop-en,home,A,13,first,True,1631.2999999821186,1836.2999999821186,,1929.7999999821186,,3334.699999988079,1652,148,0.03631529813957476,6,121,1279242,591040
desktop-en,home,A,14,second,True,1618.300000011921,1791.1000000238419,,1914.300000011921,,3336.100000023842,1640,81,0.03984380063657407,7.600000023841858,88,1214657,536355
desktop-en,home,A,15,first,True,1606.300000011921,1804.4000000059605,,1896,,3279.4000000059605,1628,81,0.03979278981401106,3,84,1234266,557164
desktop-en,home,A,16,second,True,1627.6000000238419,1842.300000011921,,1903.800000011921,,3324.9000000059605,1648,154,0.03984361202203361,10.800000011920929,120,1269950,582048
desktop-en,home,A,17,first,True,1616.9000000059605,1803,,1910.2000000178814,,3323.7000000178814,1640,81,0.03985154058929988,7,179,1345453,639851
desktop-en,home,A,18,second,True,1598.3999999761581,1790.0999999940395,,1907.7999999821186,,3306.5,1616,69,0.03978771326303155,8.299999982118607,57,1167718,498716
desktop-en,home,A,19,first,True,1623.0999999940395,1816.699999988079,,1916,,3307.7999999821186,1644,128,0.03979278981401106,16,57,1192125,523123
desktop-en,home,A,20,second,True,1611.4000000059605,1794.9000000059605,,1915.699999988079,,3330.0999999940395,1632,77,0.03978771326303155,6.699999988079071,87,1210327,532325
desktop-en,home,B,1,second,True,484.69999998807907,1286.0999999940395,,1332.8999999761581,,2726.899999976158,504,129,0.03978997074331276,3.899999976158142,219,1087148,790016
desktop-en,home,B,2,first,True,479.2000000178814,1258.5,,1293.7000000178814,,2696.5999999940395,496,66,0.03984515992048183,6.9000000059604645,219,1087148,790016
desktop-en,home,B,3,second,True,468.40000000596046,1251.800000011921,,1288.300000011921,,2208.5,488,119,0.03980794056498628,11.400000005960464,182,905724,619692
desktop-en,home,B,4,first,True,474.89999997615814,1252.699999988079,,1283.5,,2660.899999976158,492,117,0.039794944413633834,11.099999994039536,219,1087148,790016
desktop-en,home,B,5,second,True,474.2000000178814,1256,,1294.4000000059605,,2663.5,492,65,0.03984515992048183,5.700000017881393,219,1087148,790016
desktop-en,home,B,6,first,True,460.30000001192093,1245,,1280.800000011921,,2192.0999999940395,480,77,0.0363726419163666,5.699999988079071,173,890449,607117
desktop-en,home,B,7,second,True,487.90000000596046,1289,,1324.2000000178814,,2706.4000000059605,504,119,0.03984505703982339,8.700000017881393,219,1087148,790016
desktop-en,home,B,8,first,True,477.90000000596046,1282.2000000178814,,1318.300000011921,,2249,496,137,0.039796487623510374,3.7000000178813934,181,904033,618301
desktop-en,home,B,9,second,True,464.59999999403954,1291.5,,1327.0999999940395,,2706.199999988079,484,140,0.03978986786265432,3.0999999940395355,219,1087148,790016
desktop-en,home,B,10,first,True,473.90000000596046,1267.7000000178814,,1304.800000011921,,2216.5999999940395,496,74,0.036372744797025035,3.4000000059604645,186,916511,629279
desktop-en,home,B,11,second,True,466.2999999821186,1298.0999999940395,,1332.5,,2255.699999988079,488,141,0.03632252929017704,3.5,180,907195,621763
desktop-en,home,B,12,first,True,490.5,1295.800000011921,,1337.0999999940395,,2701.699999988079,516,133,0.03984515992048183,5.9000000059604645,219,1087148,790016
desktop-en,home,B,13,second,True,489.5,1293.1000000238419,,1335.7000000178814,,2713.9000000059605,516,136,0.03978986786265432,4.9000000059604645,219,1087148,790016
desktop-en,home,B,14,first,True,468.09999999403954,1252.199999988079,,1285.300000011921,,2673.4000000059605,488,73,0.03979511588139789,3.5999999940395355,219,1087148,790016
desktop-en,home,B,15,second,True,490.40000000596046,1316.9000000059605,,1359.9000000059605,,2751.9000000059605,516,210,0.03978986786265432,8.599999994039536,219,1087148,790016
desktop-en,home,B,16,first,True,489.5,1310.5999999940395,,1343.300000011921,,2269.5,512,195,0.03981301711596579,4.4000000059604645,174,896007,612375
desktop-en,home,B,17,second,True,465.90000000596046,1285.7999999821186,,1330.4000000059605,,2705.5999999940395,488,133,0.039794944413633834,4,219,1087148,790016
desktop-en,home,B,18,first,True,493.09999999403954,1270.7999999821186,,1319.3999999761581,,2219.7999999821186,520,123,0.036372744797025035,4.199999988079071,178,898712,613880
desktop-en,home,B,19,second,True,487.19999998807907,1261.7999999821186,,1320.7999999821186,,2709.899999976158,508,73,0.03978997074331276,9.799999982118607,219,1087148,790016
desktop-en,home,B,20,first,True,476,1242.699999988079,,1274.5999999940395,,2658,496,65,0.03979504729429227,6.0999999940395355,219,1087148,790016
desktop-en,logic,A,1,first,True,1654.7000000178814,3632.2000000178814,,3677.2000000178814,,5062.9000000059605,1688,320,0.036197354506923005,11.5,73,2000285,1325186
desktop-en,logic,A,2,second,True,1652.7000000178814,3680.5,,3714.7000000178814,,5117.700000017881,1680,347,0.03978861348553776,7.5,95,1996227,1314528
desktop-en,logic,A,3,first,True,1725.800000011921,3533.2000000178814,,3597.9000000059605,,5020.200000017881,1760,308,0.039635542621795694,6.4000000059604645,61,1917199,1245700
desktop-en,logic,A,4,second,True,1626,3598.899999976158,,3643.899999976158,,5064.399999976158,1656,318,0.03978861348553776,5.5999999940395355,92,2032895,1352096
desktop-en,logic,A,5,first,True,1711.199999988079,3571.4000000059605,,3609.699999988079,,5004.300000011921,1744,323,0.039635542621795694,8.699999988079071,116,2075128,1387129
desktop-en,logic,A,6,second,True,1625.199999988079,3631.0999999940395,,3660.699999988079,,5039.9000000059605,1660,320,0.036197354506923005,6.199999988079071,119,2070236,1381337
desktop-en,logic,A,7,first,True,1606.7999999821186,3556.199999988079,,3598.5999999940395,,4976.799999982119,1640,291,0.036197354506923005,5.0999999940395355,98,2006786,1324187
desktop-en,logic,A,8,second,True,1640.5999999940395,3631.399999976158,,3672.899999976158,,5058,1684,349,0.0396697696303798,5,96,1988905,1306906
desktop-en,logic,A,9,first,True,1730.5,3602.0999999940395,,3675.5,,5074.5999999940395,1768,352,0.0361969740628215,8.899999976158142,80,2110551,1433352
desktop-en,logic,A,10,second,True,1619,3598.899999976158,,3638.5999999940395,,5012.5,1648,307,0.0396697696303798,7.5999999940395355,76,1949380,1273381
desktop-en,logic,A,11,first,True,1611.0999999940395,3641.7000000178814,,3690.2000000178814,,5101.800000011921,1648,322,0.0396697696303798,5.700000017881393,139,2016628,1321729
desktop-en,logic,A,12,second,True,1611.2999999821186,3569.2999999821186,,3606.5,,4987.899999976158,1640,286,0.0396697696303798,3.899999976158142,131,2020782,1328283
desktop-en,logic,A,13,first,True,1723.4000000059605,3582.2000000178814,,3625.5,,5016.5,1760,343,0.03969339520071105,16.5,141,1970964,1275465
desktop-en,logic,A,14,second,True,1605.6000000238419,3647.5,,3697.300000011921,,5612.100000023842,1640,315,0.0396697696303798,5.800000011920929,91,1970594,1290095
desktop-en,logic,A,15,first,True,1637.300000011921,3611.0999999940395,,3654.800000011921,,5054.9000000059605,1676,326,0.036197354506923005,4.800000011920929,85,2005583,1326884
desktop-en,logic,A,16,second,True,1778.5,3628.5,,3673,,5067.5,1812,390,0.03622098007725426,6.199999988079071,128,2040236,1348637
desktop-en,logic,A,17,first,True,1716.4000000059605,3631.2999999821186,,3683.699999988079,,5066,1756,367,0.039635542621795694,4.199999988079071,90,2037111,1356912
desktop-en,logic,A,18,second,True,1705.1000000238419,3612.800000011921,,3677.7000000178814,,5082.200000017881,1744,340,0.03622098007725426,3.5,117,2161513,1473214
desktop-en,logic,A,19,first,True,1658,3709.5999999940395,,3746.300000011921,,5144.300000011921,1696,389,0.0396697696303798,3.0999999940395355,116,2094898,1406899
desktop-en,logic,A,20,second,True,1622.300000011921,3625.5,,3662.7000000178814,,5055,1664,320,0.036197354506923005,7.600000023841858,74,1974458,1299059
desktop-en,logic,B,1,second,True,582.0999999940395,1772.5999999940395,,1818.699999988079,,2713.9000000059605,612,332,0.03966938918627829,3.5,205,1094353,766058
desktop-en,logic,B,2,first,True,553.6999999880791,1761.699999988079,,1830.9000000059605,,3230.4000000059605,584,282,0.03966938918627829,6.0999999940395355,234,1324910,987915
desktop-en,logic,B,3,second,True,564.4000000059605,1724.800000011921,,1780.2000000178814,,2675.100000023842,596,299,0.03966938918627829,8,197,1081271,755376
desktop-en,logic,B,4,first,True,552.3000000119209,1753.9000000059605,,1800.5999999940395,,2675.300000011921,584,303,0.0361969740628215,5.699999988079071,193,1074571,749876
desktop-en,logic,B,5,second,True,554.1999999880791,1770.199999988079,,1809,,3209.899999976158,592,308,0.03966938918627829,5.899999976158142,233,1306086,969391
desktop-en,logic,B,6,first,True,552.6000000238419,1770.1000000238419,,1802.7000000178814,,3186.800000011921,584,296,0.03966938918627829,5.4000000059604645,236,1293280,955685
desktop-en,logic,B,7,second,True,543.8000000119209,1815.5,,1866.4000000059605,,3256.9000000059605,576,344,0.03966938918627829,4.300000011920929,219,1323611,991116
desktop-en,logic,B,8,first,True,582.1000000238419,1771.5,,1839.9000000059605,,3231.100000023842,616,343,0.03966938918627829,4.300000011920929,236,1298163,960568
desktop-en,logic,B,9,second,True,558.5,1739.699999988079,,1783.199999988079,,3161.5,596,316,0.03966938918627829,7,233,1276134,939439
desktop-en,logic,B,10,first,True,539.4000000059605,1775.800000011921,,1823.800000011921,,2751.0999999940395,572,321,0.0361969740628215,4.300000011920929,192,1149572,825177
desktop-en,logic,B,11,second,True,573,1789.4000000059605,,1860,,3230.699999988079,616,330,0.03966938918627829,8.400000005960464,218,1320302,988107
desktop-en,logic,B,12,first,True,574.2999999821186,1788.4000000059605,,1832.5999999940395,,3212.5,600,332,0.03966938918627829,4.699999988079071,237,1320776,982881
desktop-en,logic,B,13,second,True,559.7999999821186,1777.699999988079,,1811.9000000059605,,3197.5999999940395,592,319,0.03966938918627829,7.199999988079071,203,1330794,1003099
desktop-en,logic,B,14,first,True,558.7000000178814,1785.5,,1834.5999999940395,,3216.0999999940395,592,304,0.03966938918627829,6.0999999940395355,218,1335252,1003057
desktop-en,logic,B,15,second,True,561.0999999940395,1832.0999999940395,,1880,,3286.199999988079,592,379,0.03966938918627829,3.800000011920929,232,1291251,954856
desktop-en,logic,B,16,first,True,573.5999999940395,1787.199999988079,,1843.7999999821186,,2782.399999976158,608,314,0.0361969740628215,7.5,188,1141488,818293
desktop-en,logic,B,17,second,True,568.5999999940395,1768.300000011921,,1802.800000011921,,3196,600,314,0.03966938918627829,3.300000011920929,230,1247805,912010
desktop-en,logic,B,18,first,True,549.6000000238419,1799.4000000059605,,1867.800000011921,,2800.100000023842,588,341,0.036162747054237394,3.4000000059604645,192,1135765,811370
desktop-en,logic,B,19,second,True,579,1804.699999988079,,1877.300000011921,,3268.5999999940395,612,360,0.0361969740628215,5.300000011920929,199,1335545,1009050
desktop-en,logic,B,20,first,True,579,1785,,1824.7000000178814,,2736.7000000178814,608,311,0.0361969740628215,9,183,1122054,800359
desktop-en,ui,A,1,first,True,1733.2999999821186,3442.699999988079,,3475.5999999940395,,5345.199999988079,1764,269,0.0397360631453484,5.899999976158142,81,1775808,1175379
desktop-en,ui,A,2,second,True,1567.5,3300.699999988079,,3331.699999988079,,4729.399999976158,1596,166,0.03980825647424768,8.099999994039536,135,1899452,1282823
desktop-en,ui,A,3,first,True,1678.9000000059605,3335.300000011921,,3367,,4742.9000000059605,1708,242,0.03620541499887474,15.300000011920929,139,1868553,1250724
desktop-en,ui,A,4,second,True,1663.1000000238419,3338.9000000059605,,3370.7000000178814,,4751.600000023842,1692,224,0.0397360631453484,8.200000017881393,70,1795668,1198539
desktop-en,ui,A,5,first,True,1664.800000011921,3325.800000011921,,3368.4000000059605,,4751,1696,213,0.03620541499887474,6.100000023841858,67,1777482,1181253
desktop-en,ui,A,6,second,True,1663.9000000059605,3353,,3379.300000011921,,4777.800000011921,1688,205,0.03967783012233153,7.700000017881393,139,1869157,1251328
desktop-en,ui,A,7,first,True,1710.7999999821186,3367.2999999821186,,3403.5,,4796.699999988079,1748,254,0.0397360631453484,6.4000000059604645,96,1830934,1226005
desktop-en,ui,A,8,second,True,1620.5,3332.4000000059605,,3381.199999988079,,4748.699999988079,1640,215,0.04037530970527638,5.5,136,1888994,1272065
desktop-en,ui,A,9,first,True,1662.7000000178814,3313.9000000059605,,3350.5,,4738.0999999940395,1684,160,0.03967783012233153,3.7000000178813934,97,1813114,1207885
desktop-en,ui,A,10,second,True,1715.0999999940395,3365.800000011921,,3405.2000000178814,,4804.800000011921,1740,271,0.03626364802189161,6.0999999940395355,69,1778727,1181898
desktop-en,ui,A,11,first,True,1619.699999988079,3369.0999999940395,,3417.800000011921,,4809.4000000059605,1652,198,0.03984817008396562,6.699999988079071,137,1902461,1285232
desktop-en,ui,A,12,second,True,1710.9000000059605,3348.9000000059605,,3381.300000011921,,4748.200000017881,1748,261,0.03624608912840792,5.4000000059604645,71,1792773,1195344
desktop-en,ui,A,13,first,True,1680.6000000238419,3360,,3401,,4777.5,1716,239,0.03967783012233153,6.200000017881393,139,1894754,1276925
desktop-en,ui,A,14,second,True,1666.300000011921,3370.4000000059605,,3405.4000000059605,,4783.100000023842,1692,224,0.03967783012233153,6.100000023841858,99,1804717,1198888
desktop-en,ui,A,15,first,True,1672.699999988079,3311.199999988079,,3339.2999999821186,,4738.5999999940395,1700,162,0.03624608912840792,5.699999988079071,139,1864849,1247020
desktop-en,ui,A,16,second,True,1582.4000000059605,3320.199999988079,,3345.5999999940395,,4701.4000000059605,1604,174,0.03633584135079089,5.9000000059604645,93,1821279,1217250
desktop-en,ui,A,17,first,True,1644.3999999761581,3276.0999999940395,,3301.2999999821186,,4650,1672,155,0.03971850425186471,6.899999976158142,187,1949607,1317378
desktop-en,ui,A,18,second,True,1572.6000000238419,3322.5,,3363.2000000178814,,4725.200000017881,1596,170,0.03984817008396562,4.300000011920929,192,1951801,1318072
desktop-en,ui,A,19,first,True,1667.699999988079,3296.399999976158,,3350.199999988079,,4713.699999988079,1696,224,0.03626364802189161,7.0999999940395355,135,1884476,1267847
desktop-en,ui,A,20,second,True,1572.5999999940395,3353.199999988079,,3382,,4762.300000011921,1596,226,0.03624646957250943,8,72,1799442,1201713
desktop-en,ui,B,1,second,True,523.6000000238419,1510.7000000178814,,1564.7000000178814,,2942.800000011921,548,170,0.03980825647424768,4.800000011920929,227,1176181,918356
desktop-en,ui,B,2,first,True,505.90000000596046,1512.7999999821186,,1556.199999988079,,2919,532,167,0.03984817008396562,4.699999988079071,227,1176181,918356
desktop-en,ui,B,3,second,True,503.19999998807907,1480.699999988079,,1514.199999988079,,2926.300000011921,524,162,0.03971820261762957,6.5,227,1176181,918356
desktop-en,ui,B,4,first,True,535.4000000059605,1523.300000011921,,1554.9000000059605,,2436.4000000059605,564,170,0.036245787494172774,9.200000017881393,190,1005713,758988
desktop-en,ui,B,5,second,True,522,1528.5,,1604.5,,2996.300000011921,556,174,0.03980825647424768,10.800000011920929,227,1176181,918356
desktop-en,ui,B,6,first,True,535.4000000059605,1528,,1561.800000011921,,2974.699999988079,560,184,0.03971820261762957,5.4000000059604645,227,1176181,918356
desktop-en,ui,B,7,second,True,523.5,1524.5999999940395,,1558.0999999940395,,2947.2999999821186,548,168,0.03980825647424768,9.799999982118607,228,1176181,918356
desktop-en,ui,B,8,first,True,520.0999999940395,1505.699999988079,,1549.800000011921,,2949.9000000059605,540,181,0.03980825647424768,6.800000011920929,227,1176181,918356
desktop-en,ui,B,9,second,True,522.9000000059605,1525.7000000178814,,1570.7000000178814,,2952.7000000178814,548,176,0.03984817008396562,3.800000011920929,227,1176181,918356
desktop-en,ui,B,10,first,True,528.0999999940395,1538.2999999821186,,1578.5999999940395,,2990.0999999940395,560,190,0.039851642440147036,5.0999999940395355,227,1176181,918356
desktop-en,ui,B,11,second,True,526.2999999821186,1533,,1572.4000000059605,,2451.699999988079,552,173,0.036379227316690244,7.9000000059604645,191,996679,749654
desktop-en,ui,B,12,first,True,531.6999999880791,1542.3999999761581,,1586.0999999940395,,2474.199999988079,560,235,0.03633584135079089,3.699999988079071,183,1021330,776705
desktop-en,ui,B,13,second,True,503.80000001192093,1522.800000011921,,1556,,2947.4000000059605,532,225,0.03980825647424768,4.200000017881393,227,1176181,918356
desktop-en,ui,B,14,first,True,531.9000000059605,1556.0999999940395,,1593.9000000059605,,2994.0999999940395,560,252,0.039851642440147036,8.599999994039536,227,1176181,918356
desktop-en,ui,B,15,second,True,527.5,1522.1000000238419,,1564.7000000178814,,2962.5,552,179,0.03980825647424768,3.9000000059604645,227,1176181,918356
desktop-en,ui,B,16,first,True,542.7999999821186,1521.4000000059605,,1559,,2935.199999988079,572,191,0.03980825647424768,6.799999982118607,227,1176181,918356
desktop-en,ui,B,17,second,True,514.5999999940395,1534.5,,1571.5999999940395,,2957.699999988079,540,217,0.03980825647424768,3.199999988079071,227,1176181,918356
desktop-en,ui,B,18,first,True,523,1507,,1568.5999999940395,,2473.899999976158,548,168,0.03984817008396562,4.5,191,996679,749654
desktop-en,ui,B,19,second,True,529.9000000059605,1554.9000000059605,,1597.9000000059605,,2962.199999988079,556,237,0.03980825647424768,6.699999988079071,227,1176181,918356
desktop-en,ui,B,20,first,True,522.7000000178814,1533.5,,1569.2000000178814,,2954.5,544,224,0.039851642440147036,7.600000023841858,227,1176181,918356
contest-en,trie,A,1,first,True,1714.800000011921,3706.9000000059605,,3777.699999988079,3892.9000000059605,5301.0999999940395,1748,440,0.03979098087096247,13.699999988079071,157,1951230,1282833
contest-en,trie,A,2,second,True,1714.3999999761581,3497.399999976158,,3536.0999999940395,3616.7999999821186,4988.899999976158,1744,325,0.039756373418276855,7.399999976158142,146,1951689,1286592
contest-en,trie,A,3,first,True,1712.8999999761581,3483,,3515.199999988079,3599.5,4989.5,1740,289,0.03628395829482006,8,75,1809859,1166062
contest-en,trie,A,4,second,True,1693.7000000178814,3498.9000000059605,,3526.2000000178814,3608.7000000178814,4979.5,1720,309,0.039756373418276855,6.200000017881393,116,1909490,1253393
contest-en,trie,A,5,first,True,1680.6000000238419,3417.5,,3454.4000000059605,3534.5,4927.200000017881,1712,260,0.03990982472612044,3.800000011920929,151,1972635,1306038
contest-en,trie,A,6,second,True,1687.9000000059605,3476.800000011921,,3514,3599.5,4975.200000017881,1716,291,0.03979060042686096,3.2000000178813934,199,2025963,1344966
contest-en,trie,A,7,first,True,1687.699999988079,3437.7999999821186,,3478.899999976158,3547,4922.5999999940395,1716,273,0.039814606441293726,8.199999988079071,105,1860690,1207893
contest-en,trie,A,8,second,True,1672.199999988079,3496.4000000059605,,3534.300000011921,3635.0999999940395,5009.4000000059605,1700,297,0.03634219131783693,3.800000011920929,153,1944951,1277754
contest-en,trie,A,9,first,True,1709.5999999940395,3456.800000011921,,3501.800000011921,3593.0999999940395,4980.300000011921,1744,304,0.039756373418276855,4.0999999940395355,107,1851861,1198464
contest-en,trie,A,10,second,True,1689.4000000059605,3447.9000000059605,,3485.199999988079,3591.0999999940395,5001.299999982119,1728,281,0.039814606441293726,5.5999999940395355,214,2019683,1334186
contest-en,trie,B,1,second,True,530.8000000119209,3129.7000000178814,,3189,3282.800000011921,4697.300000011921,564,299,0.03979098087096247,5.100000023841858,216,2080029,1780335
contest-en,trie,B,2,first,True,540.2000000178814,3052.9000000059605,,3107.800000011921,3209.300000011921,4587.700000017881,572,266,0.03979098087096247,6.200000017881393,136,2124330,1848636
contest-en,trie,B,3,second,True,514.2999999821186,3033.2999999821186,,3109.4000000059605,3184,4557.199999988079,540,269,0.036284338738921576,8.299999982118607,152,2081258,1801064
contest-en,trie,B,4,first,True,545.6999999880791,3093.199999988079,,3132.5,3211.5999999940395,4589.5999999940395,572,278,0.03975675386237837,5.699999988079071,168,2104871,1819577
contest-en,trie,B,5,second,True,552.8000000119209,3078.300000011921,,3109,3196.0999999940395,4578.5999999940395,580,309,0.03975675386237837,9.099999994039536,234,1937043,1631949
contest-en,trie,B,6,first,True,546.4000000059605,3033.9000000059605,,3084.5999999940395,3184.699999988079,4596.199999988079,572,270,0.03631856574750568,4.199999988079071,135,2180830,1905436
contest-en,trie,B,7,second,True,580.1999999880791,3087.2999999821186,,3143.399999976158,3251.899999976158,4656.199999988079,612,315,0.03990982472612044,9.599999994039536,116,2173311,1903617
contest-en,trie,B,8,first,True,550.3000000119209,3076.5,,3172.4000000059605,3310.5999999940395,4796.4000000059605,588,422,0.03979291113917556,4.5,201,2130001,1835107
contest-en,trie,B,9,second,True,539.5999999940395,3081.5,,3135.699999988079,3219,4629.800000011921,564,295,0.03975675386237837,5.4000000059604645,234,2002873,1697779
contest-en,trie,B,10,first,True,531.5999999940395,3076.4000000059605,,3117.699999988079,3225.7999999821186,4616.199999988079,560,304,0.03631856574750568,3.5999999940395355,168,2115264,1829970
mobile-zh-cpu4,home,A,1,first,True,2080,2976,2819.7000000178814,3337.2000000178814,,5103.5,2120,1411,0.19034350110794554,6.9000000059604645,208,1463647,749042
mobile-zh-cpu4,home,A,2,second,True,1835.5999999940395,3103.199999988079,2673.899999976158,3478.399999976158,,5484.699999988079,1872,1530,0.19086133586578033,6.399999976158142,208,1463647,749042
mobile-zh-cpu4,home,A,3,first,True,1742.199999988079,2974,2569,3355.0999999940395,,5234.4000000059605,1776,1452,0.1908597150997151,3.5999999940395355,208,1463647,749042
mobile-zh-cpu4,home,A,4,second,True,2089.199999988079,2995.7999999821186,2843.5999999940395,3379.2999999821186,,5215.699999988079,2124,1438,0.1904194745172523,14.099999994039536,208,1463647,749042
mobile-zh-cpu4,home,A,5,first,True,1741.5,2940.800000011921,2803.5,3289.600000023842,,5191.100000023842,1780,1379,0.1903451218740108,4.800000011920929,208,1463647,749042
mobile-zh-cpu4,home,A,6,second,True,1732.8999999761581,2823.399999976158,2456.0999999940395,3201.899999976158,,5018.0999999940395,1764,1254,0.19093406774295665,16.299999982118607,207,1458787,744482
mobile-zh-cpu4,home,A,7,first,True,1734.199999988079,2901.2999999821186,2533.5,3305.5,,5324.699999988079,1764,1326,0.1908580943336499,9.900000005960464,208,1463647,749042
mobile-zh-cpu4,home,A,8,second,True,1816,3116.199999988079,2981.800000011921,3492.699999988079,,5340.9000000059605,1848,1479,0.1903451218740108,9.599999994039536,208,1463647,749042
mobile-zh-cpu4,home,A,9,first,True,1741,2934,2529,3331.5,,5221.800000011921,1776,1381,0.1908597150997151,4.700000017881393,208,1463647,749042
mobile-zh-cpu4,home,A,10,second,True,1737.300000011921,2975.0999999940395,2571.4000000059605,3391.2000000178814,,5334.700000017881,1772,1420,0.19086133586578033,6.5,208,1463647,749042
mobile-zh-cpu4,home,B,1,second,True,626.4000000059605,2104.300000011921,1802.300000011921,2436.4000000059605,,3862.5,656,1175,0.1908580943336499,9.700000017881393,210,1035377,740653
mobile-zh-cpu4,home,B,2,first,True,607.3000000119209,2104.4000000059605,1934.300000011921,2598.300000011921,,3959.800000011921,644,1249,0.19034350110794554,4.5999999940395355,210,1035377,740653
mobile-zh-cpu4,home,B,3,second,True,603.3999999761581,2179.0999999940395,1814.0999999940395,2596.699999988079,,4018.0999999940395,640,1378,0.1908564735675847,7.399999976158142,210,1035377,740653
mobile-zh-cpu4,home,B,4,first,True,597.7999999821186,2186.199999988079,1815.699999988079,2610.399999976158,,3981,632,1382,0.1908564735675847,4.0999999940395355,210,1035377,740653
mobile-zh-cpu4,home,B,5,second,True,663.1999999880791,2183.699999988079,1837.9000000059605,2582.2999999821186,,3986.5,696,1235,0.1908580943336499,4.9000000059604645,210,1035377,740653
mobile-zh-cpu4,home,B,6,first,True,577.9000000059605,2132.4000000059605,1827.1000000238419,2567.300000011921,,3938.5,616,1235,0.1908564735675847,10.700000017881393,210,1035377,740653
mobile-zh-cpu4,home,B,7,second,True,607.5,2205.5,1828.2999999821186,2597.5999999940395,,4015.7999999821186,644,1299,0.1908564735675847,7.9000000059604645,210,1035377,740653
mobile-zh-cpu4,home,B,8,first,True,639.2000000178814,2294.0999999940395,1885.2000000178814,2708,,4069.300000011921,680,1434,0.1908564735675847,3.4000000059604645,210,1035377,740653
mobile-zh-cpu4,home,B,9,second,True,621.9000000059605,2260.9000000059605,1840.699999988079,2679.5999999940395,,4046,660,1427,0.1908564735675847,6.5,210,1035377,740653
mobile-zh-cpu4,home,B,10,first,True,620.7999999821186,2284.0999999940395,1911.199999988079,2552.899999976158,,4080.199999988079,656,1446,0.1908564735675847,15.5,210,1035377,740653
mobile-zh-cpu4,logic,A,1,first,True,1898.7999999821186,5012.9000000059605,4511.5,5722.9000000059605,,7553.9000000059605,1936,2551,0.19216259259259258,20.69999998807907,234,2225384,1501650
mobile-zh-cpu4,logic,A,2,second,True,1840.199999988079,5352.5999999940395,4703.5999999940395,6116.9000000059605,,8093.5,1876,2985,0.19216259259259258,5,235,2325344,1601310
mobile-zh-cpu4,logic,A,3,first,True,1874.3999999761581,4986.199999988079,4492.899999976158,5663.899999976158,,7504.199999988079,1916,2531,0.19216259259259258,4.0999999940395355,235,2325344,1601310
mobile-zh-cpu4,logic,A,4,second,True,1916.300000011921,4966.5,4519.5,5745.5,,7574.300000011921,1956,2456,0.19216259259259258,8.400000005960464,232,2201896,1478762
mobile-zh-cpu4,logic,A,5,first,True,1819.5999999940395,4914.4000000059605,4456.300000011921,5625.200000017881,,7615.800000011921,1856,2497,0.19216259259259258,4.200000017881393,232,2201896,1478762
mobile-zh-cpu4,logic,A,6,second,True,1809.4000000059605,5058.199999988079,4524,5674.799999982119,,7521.9000000059605,1852,2461,0.19216259259259258,6.9000000059604645,232,2201896,1478762
mobile-zh-cpu4,logic,A,7,first,True,1813.9000000059605,4879.299999982119,4388,5426.799999982119,,7442.199999988079,1844,2456,0.19216259259259258,4.5999999940395355,232,2201896,1478762
mobile-zh-cpu4,logic,A,8,second,True,1818.6000000238419,5071.9000000059605,4500.600000023842,5701.700000017881,,7692.9000000059605,1852,2574,0.19216259259259258,3.800000011920929,230,2198803,1476269
mobile-zh-cpu4,logic,A,9,first,True,1827.2999999821186,5236.899999976158,4422.0999999940395,5898.899999976158,,7927,2008,2761,0.19216259259259258,5.5999999940395355,200,2133919,1420385
mobile-zh-cpu4,logic,A,10,second,True,1823.2000000178814,4964.800000011921,4492.200000017881,5527.300000011921,,7438.300000011921,1860,2471,0.19216259259259258,8,235,2325344,1601310
mobile-zh-cpu4,logic,B,1,second,True,710.8000000119209,2980.9000000059605,2566.199999988079,3766.5,,5133.300000011921,744,2593,0.1903802344491928,4.300000011920929,238,1394340,1055820
mobile-zh-cpu4,logic,B,2,first,True,700.7999999821186,3093.9000000059605,2539.7999999821186,3850.4000000059605,,5212.5,732,2618,0.1921686485042735,5.0999999940395355,243,1336568,996548
mobile-zh-cpu4,logic,B,3,second,True,824.2999999821186,3171.5999999940395,2637.399999976158,4134.5,,5459,852,2839,0.19279733400601456,13.899999976158142,244,1448320,1108000
mobile-zh-cpu4,logic,B,4,first,True,668.9000000059605,3051.100000023842,2508.100000023842,3915.7000000178814,,5162.200000017881,704,2625,0.1921686485042735,5.800000011920929,243,1336568,996548
mobile-zh-cpu4,logic,B,5,second,True,735.0999999940395,2904.199999988079,2386.0999999940395,3710.4000000059605,,5136.5999999940395,776,2653,0.19216259259259258,3.5999999940395355,243,1336568,996548
mobile-zh-cpu4,logic,B,6,first,True,700.4000000059605,3073,2544.800000011921,3965.800000011921,,5270.600000023842,736,2749,0.1921686485042735,15.5,243,1336568,996548
mobile-zh-cpu4,logic,B,7,second,True,757.2999999821186,2913.699999988079,2436.7999999821186,3625.199999988079,,5094.799999982119,804,2722,0.19216259259259258,7.0999999940395355,238,1394340,1055820
mobile-zh-cpu4,logic,B,8,first,True,749.1000000238419,3093.800000011921,2627.9000000059605,3921,,5226,788,2720,0.1921686485042735,7.4000000059604645,243,1336568,996548
mobile-zh-cpu4,logic,B,9,second,True,749.3999999761581,3629.5999999940395,2910.7999999821186,4439.5,,5902.799999982119,788,3391,0.1921686485042735,9.399999976158142,244,1448320,1108000
mobile-zh-cpu4,logic,B,10,first,True,710.4000000059605,3185.5999999940395,2630.199999988079,4004,,5397.199999988079,744,2734,0.1921686485042735,4.800000011920929,243,1336568,996548
