profile,scenario,variant,metric,p50,p75,p95
desktop-en,home,A,mounted,1618.8,1627.7,1641.7
desktop-en,home,A,themeUsable,1817,1836.7,1921.8
desktop-en,home,A,fontsReady,1912.3,1918.7,1983.2
desktop-en,home,A,searchUsable,3324.3,3335,3391.9
desktop-en,home,A,lcp,1642,1648,1663.6
desktop-en,home,A,longtaskMs,128,145,157.1
desktop-en,home,A,cls,0,0,0
desktop-en,home,A,resourceEntries,105,123.3,179.1
desktop-en,home,A,transferBytes,1247650.5,1284345.5,1345644.6
desktop-en,home,A,jsBytes,563787.5,595993.5,640012.6
desktop-en,home,B,mounted,477,488.3,490.6
desktop-en,home,B,themeUsable,1276.5,1291.9,1310.9
desktop-en,home,B,fontsReady,1320.1,1332.6,1344.1
desktop-en,home,B,searchUsable,2668.5,2706.2,2728.1
desktop-en,home,B,lcp,496,509,516.2
desktop-en,home,B,longtaskMs,121,136.3,195.8
desktop-en,home,B,cls,0,0,0
desktop-en,home,B,resourceEntries,219,219,219
desktop-en,home,B,transferBytes,1087148,1087148,1087148
desktop-en,home,B,jsBytes,790016,790016,790016
desktop-en,logic,A,mounted,1646.7,1712.5,1732.9
desktop-en,logic,A,themeUsable,3619.2,3631.6,3682
desktop-en,logic,A,fontsReady,3667.8,3679.2,3716.3
desktop-en,logic,A,searchUsable,5060.5,5076.5,5167.7
desktop-en,logic,A,lcp,1682,1747,1770.2
desktop-en,logic,A,longtaskMs,322.5,347.5,389.1
desktop-en,logic,A,cls,0,0,0
desktop-en,logic,A,resourceEntries,95.5,117.5,139.1
desktop-en,logic,A,transferBytes,2011707,2047736,2113099.1
desktop-en,logic,A,jsBytes,1326035,1363018.3,1435345.1
desktop-en,logic,B,mounted,560.4,573.8,582.1
desktop-en,logic,B,themeUsable,1776.8,1788.7,1816.3
desktop-en,logic,B,fontsReady,1827.8,1847.8,1877.4
desktop-en,logic,B,searchUsable,3196.8,3230.5,3269.5
desktop-en,logic,B,lcp,594,608,616
desktop-en,logic,B,longtaskMs,317.5,334.3,361
desktop-en,logic,B,cls,0,0,0
desktop-en,logic,B,resourceEntries,218,233,236.1
desktop-en,logic,B,transferBytes,1292265.5,1321484.8,1335266.7
desktop-en,logic,B,jsBytes,955270.5,987963,1003396.6
desktop-en,ui,A,mounted,1664.4,1679.3,1716
desktop-en,ui,A,themeUsable,3337.1,3361.5,3374
desktop-en,ui,A,fontsReady,3375,3401.6,3420.7
desktop-en,ui,A,searchUsable,4749.8,4779.1,4836.2
desktop-en,ui,A,lcp,1692,1710,1748.8
desktop-en,ui,A,longtaskMs,219.5,239.8,269.1
desktop-en,ui,A,cls,0,0,0
desktop-en,ui,A,resourceEntries,117,139,187.3
desktop-en,ui,A,transferBytes,1847891.5,1890434,1949716.7
desktop-en,ui,A,jsBytes,1236512.5,1273280,1317412.7
desktop-en,ui,B,mounted,523.6,530.4,535.8
desktop-en,ui,B,themeUsable,1525.2,1533.8,1555
desktop-en,ui,B,fontsReady,1566.7,1574,1598.2
desktop-en,ui,B,searchUsable,2948.7,2962.3,2994.2
desktop-en,ui,B,lcp,550,560,564.4
desktop-en,ui,B,longtaskMs,180,218.8,237.8
desktop-en,ui,B,cls,0,0,0
desktop-en,ui,B,resourceEntries,227,227,227.1
desktop-en,ui,B,transferBytes,1176181,1176181,1176181
desktop-en,ui,B,jsBytes,918356,918356,918356
contest-en,trie,A,mounted,1691.6,1712.1,1714.6
contest-en,trie,A,themeUsable,3479.9,3497.1,3613.3
contest-en,trie,A,fontsReady,3514.6,3532.3,3669
contest-en,trie,A,problemUsable,3599.5,3614.8,3776.9
contest-en,trie,A,searchUsable,4984.6,4998.3,5169.8
contest-en,trie,A,lcp,1724,1743,1746.2
contest-en,trie,A,longtaskMs,294,307.8,388.2
contest-en,trie,A,cls,0,0,0
contest-en,trie,A,resourceEntries,148.5,156,207.2
contest-en,trie,A,transferBytes,1948090.5,1967398.5,2023137
contest-en,trie,A,jsBytes,1280293.5,1301176.5,1340115
contest-en,trie,B,mounted,543,549.3,567.9
contest-en,trie,B,themeUsable,3077.4,3085.8,3113.3
contest-en,trie,B,fontsReady,3125.1,3141.5,3181.5
contest-en,trie,B,problemUsable,3215.3,3245.4,3298.1
contest-en,trie,B,searchUsable,4606.2,4649.6,4751.8
contest-en,trie,B,lcp,572,578,601.2
contest-en,trie,B,longtaskMs,297,307.8,373.8
contest-en,trie,B,cls,0,0,0
contest-en,trie,B,resourceEntries,168,212.3,234
contest-en,trie,B,transferBytes,2110067.5,2128583.3,2177446.5
contest-en,trie,B,jsBytes,1824773.5,1845253.8,1904617.5
mobile-zh-cpu4,home,A,mounted,1741.8,1830.7,2085.1
mobile-zh-cpu4,home,A,themeUsable,2974.5,2990.8,3110.3
mobile-zh-cpu4,home,A,menuUsable,2622.6,2815.7,2919.6
mobile-zh-cpu4,home,A,fontsReady,3346.2,3388.2,3486.3
mobile-zh-cpu4,home,A,searchUsable,5228.1,5332.2,5420
mobile-zh-cpu4,home,A,lcp,1778,1866,2122.2
mobile-zh-cpu4,home,A,longtaskMs,1415.5,1448.5,1507.1
mobile-zh-cpu4,home,A,cls,0.2,0.2,0.2
mobile-zh-cpu4,home,A,resourceEntries,208,208,208
mobile-zh-cpu4,home,A,transferBytes,1463647,1463647,1463647
mobile-zh-cpu4,home,A,jsBytes,749042,749042,749042
mobile-zh-cpu4,home,B,mounted,614.1,625.3,652.4
mobile-zh-cpu4,home,B,themeUsable,2184.9,2247.1,2289.6
mobile-zh-cpu4,home,B,menuUsable,1833.1,1874.1,1923.9
mobile-zh-cpu4,home,B,fontsReady,2597.1,2607.4,2695.2
mobile-zh-cpu4,home,B,searchUsable,4001.1,4039,4075.3
mobile-zh-cpu4,home,B,lcp,650,659,688.8
mobile-zh-cpu4,home,B,longtaskMs,1338.5,1415.8,1440.6
mobile-zh-cpu4,home,B,cls,0.2,0.2,0.2
mobile-zh-cpu4,home,B,resourceEntries,210,210,210
mobile-zh-cpu4,home,B,transferBytes,1035377,1035377,1035377
mobile-zh-cpu4,home,B,jsBytes,740653,740653,740653
mobile-zh-cpu4,logic,A,mounted,1825.3,1865.8,1908.4
mobile-zh-cpu4,logic,A,themeUsable,4999.5,5068.5,5300.5
mobile-zh-cpu4,logic,A,menuUsable,4496.8,4517.5,4622.8
mobile-zh-cpu4,logic,A,fontsReady,5688.3,5739.9,6018.8
mobile-zh-cpu4,logic,A,searchUsable,7564.1,7673.6,8018.6
mobile-zh-cpu4,logic,A,lcp,1868,1931,1984.6
mobile-zh-cpu4,logic,A,longtaskMs,2514,2568.3,2884.2
mobile-zh-cpu4,logic,A,cls,0.2,0.2,0.2
mobile-zh-cpu4,logic,A,resourceEntries,232,234.8,235
mobile-zh-cpu4,logic,A,transferBytes,2201896,2300354,2325344
mobile-zh-cpu4,logic,A,jsBytes,1478762,1576395,1601310
mobile-zh-cpu4,logic,B,mounted,723,749.3,794.1
mobile-zh-cpu4,logic,B,themeUsable,3083.4,3152.2,3429.8
mobile-zh-cpu4,logic,B,menuUsable,2555.5,2629.6,2787.8
mobile-zh-cpu4,logic,B,fontsReady,3918.4,3994.5,4302.3
mobile-zh-cpu4,logic,B,searchUsable,5219.3,5365.5,5703.1
mobile-zh-cpu4,logic,B,lcp,760,788,830.4
mobile-zh-cpu4,logic,B,longtaskMs,2721,2745.3,3142.6
mobile-zh-cpu4,logic,B,cls,0.2,0.2,0.2
mobile-zh-cpu4,logic,B,resourceEntries,243,243,244
mobile-zh-cpu4,logic,B,transferBytes,1336568,1394340,1448320
mobile-zh-cpu4,logic,B,jsBytes,996548,1055820,1108000
